noise_std,seed,train_loss,clean_train_mse,clean_test_mse,noisy_test_mse,delay_rmse,delay_mean,delay_min,delay_max,anchor_mae,certificate_identified_rate,certificate_mean_width,replicate
0.0,100,0.00018888186605181545,0.00015981327409164228,0.00020653187026836145,0.00020653187026836145,0.013537321239709854,0.3118654787540436,0.22339369356632233,0.39272540807724,0.0029642686549933225,1.0,0.0,0
0.0,101,0.00020907289581373334,0.0001747379918112189,0.00022516359318525462,0.00022516359318525462,0.011532874777913094,0.3086763620376587,0.21752864122390747,0.3867131173610687,0.0029642686549933225,,,1
0.0005,110,0.0001444423833163455,0.00011909122442840223,0.00015662969252492665,0.00015663176546638682,0.011440065689384937,0.3106725811958313,0.23617860674858093,0.39571988582611084,0.009750000000000002,1.0,0.06330833333333333,0
0.0005,111,0.00010441581252962351,8.838258528900378e-05,0.00010673406573015874,0.00010820465882444916,0.012893427163362503,0.30961328744888306,0.2248881459236145,0.3835434019565582,0.006439162986120066,,,1
0.001,120,0.0002929281909018755,0.0002461797658427625,0.0002888005161719356,0.00029061720547185927,0.0465923510491848,0.304302453994751,0.2236395925283432,0.3429345488548279,0.04103573134500669,0.6666666666666666,0.09097500000000001,0
0.001,121,0.00018520854064263403,0.00015624893403615064,0.00019382204939712887,0.00019311892286585965,0.029453517869114876,0.315611869096756,0.25083664059638977,0.35684216022491455,0.031035731345006694,,,1
0.002,130,0.00020690735254902393,0.0001757082742236914,0.0002091093482444814,0.00021370689199731103,0.04891958832740784,0.3103926479816437,0.1609138697385788,0.39940476417541504,0.06096426865499334,0.3333333333333333,0.13119166666666662,0
0.002,131,0.0003699393419083208,0.0003161000125638954,0.000401570173629956,0.00040309646561653006,0.04876904562115669,0.2730669677257538,0.16857464611530304,0.4224267899990082,0.07446426865499332,,,1
0.005,140,0.0006947729270905256,0.0006000673514773388,0.0005710478062671515,0.0005965055139274647,0.12228725850582123,0.29018205404281616,0.2167758345603943,0.40740683674812317,0.14259656835888657,0.0,0.24856666666666663,0
0.005,141,0.0004841126792598516,0.0004059631277660651,0.0006039782745502935,0.0006280479314263273,0.071070596575737,0.2631680965423584,0.1765504628419876,0.45021048188209534,0.11343916298612007,,,1
