config_id,label,model_class,use_profile_initialization,use_anchor_loss,learned_delay,fixed_delay,data_seed,data_replication,optimization_seed,model_seed,noise_std,anchor_mae,final_weighted_fit,clean_train_mse,clean_test_mse,noisy_test_mse,delay_rmse,delay_nrmse,delay_mae,delay_max_abs_error,delay_mean,delay_min,delay_max
P1,Full identifiability-aware,restricted_learned,True,True,True,,20260901,0,20261001,20261001,0.0005,0.015439162986120088,1.9391069145058282e-05,1.5687879913037575e-05,2.9928577943040998e-05,2.932049201821284e-05,0.012658132002344648,0.03616609143527042,0.01164905206481024,0.020914262830394242,0.31164902448654175,0.26084280014038086,0.3680399954319
P2,Profile initialization only,restricted_learned,True,False,True,,20260901,0,20261001,20261001,0.0005,0.015439162986120088,3.0509885618812405e-05,2.505543852845727e-05,4.194333631875895e-05,4.119758020564986e-05,0.026151013441069723,0.07471718126019922,0.025493442775005145,0.031964956958539126,0.3254934251308441,0.26350343227386475,0.3716700077056885
P3,Anchor loss only,restricted_learned,False,True,True,,20260901,0,20261001,20261001,0.0005,0.015439162986120088,1.3300264072313439e-05,1.0565074671650232e-05,2.539116806977212e-05,2.4873458762619826e-05,0.011656368902016464,0.03330391114861847,0.011495938407841027,0.015335625707286332,0.31149592995643616,0.25526416301727295,0.3689204454421997
P4,Restricted rollout-only,restricted_learned,False,False,True,,20260901,0,20261001,20261001,0.0005,0.015439162986120088,2.6577159587759525e-05,2.1907449754356867e-05,3.8790687470047394e-05,3.8089087998303625e-05,0.027068042580399236,0.0773372645154264,0.02634384433428448,0.03376182913636877,0.3263438642024994,0.26263105869293213,0.3737833499908447
P1,Full identifiability-aware,restricted_learned,True,True,True,,20260901,0,20261002,20261002,0.0005,0.015439162986120088,1.665228046476841e-05,1.4267921120591983e-05,2.355703995495283e-05,2.3146079498408417e-05,0.012665294055634015,0.03618655444466862,0.010263158346432022,0.02059344706188937,0.3101201355457306,0.25262749195098877,0.3742017149925232
P2,Profile initialization only,restricted_learned,True,False,True,,20260901,0,20261002,20261002,0.0005,0.015439162986120088,1.3447773199004587e-05,1.114102304920445e-05,2.4302739369111243e-05,2.386375004285251e-05,0.013201967759265939,0.03771990788361697,0.011815487090989684,0.01886085791900166,0.3065270185470581,0.22880515456199646,0.3776853084564209
P3,Anchor loss only,restricted_learned,False,True,True,,20260901,0,20261002,20261002,0.0005,0.015439162986120088,1.3837186997989193e-05,1.1854179564092962e-05,2.305925385501541e-05,2.270495556887671e-05,0.010659939186694322,0.03045696910484092,0.0100312748062077,0.0147301811329415,0.31003129482269287,0.2484464943408966,0.37463241815567017
P4,Restricted rollout-only,restricted_learned,False,False,True,,20260901,0,20261002,20261002,0.0005,0.015439162986120088,1.1279537829977926e-05,9.45342976255265e-06,2.2123568675995327e-05,2.1731309994798507e-05,0.012374921502507468,0.03535691857859277,0.011210154921675564,0.01728858321986826,0.30592721700668335,0.22647984325885773,0.3773600459098816
P1,Full identifiability-aware,restricted_learned,True,True,True,,20260901,0,20261003,20261003,0.0005,0.015439162986120088,3.708782605826855e-05,3.033413936804689e-05,4.464939014663133e-05,4.388714311056547e-05,0.012095220799930563,0.034557773714087324,0.010701916022087225,0.01853224440240836,0.3107019364833832,0.2574540972709656,0.36851346492767334
P2,Profile initialization only,restricted_learned,True,False,True,,20260901,0,20261003,20261003,0.0005,0.015439162986120088,3.900943193002604e-05,3.191559102531247e-05,4.9659236758869413e-05,4.887013845330622e-05,0.01256208629951311,0.03589167514146603,0.01142168251139609,0.01915630331949192,0.3114216923713684,0.24590997397899628,0.363639235496521
P3,Anchor loss only,restricted_learned,False,True,True,,20260901,0,20261003,20261003,0.0005,0.015439162986120088,3.421920700930059e-05,2.7728435365343297e-05,4.411337239697524e-05,4.3397293425764804e-05,0.011067714441241846,0.03162204126069099,0.011044974261848502,0.012247240840571855,0.31104496121406555,0.25217577815055847,0.370216965675354
P4,Restricted rollout-only,restricted_learned,False,False,True,,20260901,0,20261003,20261003,0.0005,0.015439162986120088,3.967318843933754e-05,3.238599674334617e-05,5.064843365218784e-05,4.984958043405823e-05,0.014811868564698006,0.04231962447056573,0.014426858181977167,0.0189020565851985,0.31442686915397644,0.24835404753684998,0.36883020401000977
P1,Full identifiability-aware,restricted_learned,True,True,True,,20260902,1,20261001,20261101,0.0005,0.01372489433112676,4.591079778037965e-05,3.7109145644367314e-05,5.420972129568543e-05,5.469446990565224e-05,0.006840469105886615,0.019544197445390328,0.005114451111963776,0.018098217546122952,0.3016061782836914,0.24394956231117249,0.3501095771789551
P2,Profile initialization only,restricted_learned,True,False,True,,20260902,1,20261001,20261101,0.0005,0.01372489433112676,0.00011768511467380449,9.88885759039212e-05,0.0001309308062879365,0.00013126642584953467,0.07940183424876995,0.22686238356791416,0.07880425325673612,0.09087772818624112,0.3788042664527893,0.29931703209877014,0.4217299520969391
P3,Anchor loss only,restricted_learned,False,True,True,,20260902,1,20261001,20261101,0.0005,0.01372489433112676,3.8332724216161296e-05,3.070297950996076e-05,4.35912063430474e-05,4.409127874736216e-05,0.005815479602714995,0.01661565600775713,0.00444218366098123,0.015178543626445218,0.300648957490921,0.24235126376152039,0.3448929190635681
P4,Restricted rollout-only,restricted_learned,False,False,True,,20260902,1,20261001,20261101,0.0005,0.01372489433112676,0.00011815338802989572,9.961458286784843e-05,0.00012983200520554078,0.00013014618198530834,0.08349593505137841,0.23855981443250976,0.08305795682010367,0.09373219800635502,0.38305798172950745,0.30245643854141235,0.43194887042045593
P1,Full identifiability-aware,restricted_learned,True,True,True,,20260902,1,20261002,20261102,0.0005,0.01372489433112676,8.615419210400432e-05,7.036186550099557e-05,0.00010212273146391056,0.0001025516313295653,0.010314461195647743,0.029469889130422127,0.0075946681427470596,0.02165626998737491,0.30465948581695557,0.23909667134284973,0.3595423698425293
P2,Profile initialization only,restricted_learned,True,False,True,,20260902,1,20261002,20261102,0.0005,0.01372489433112676,9.774909995030612e-05,7.981526525539115e-05,0.00011365181823825754,0.00011404826531182464,0.02563601129791511,0.07324574656547174,0.02335606269278931,0.03665452714756168,0.3233560621738434,0.24397355318069458,0.3835369050502777
P3,Anchor loss only,restricted_learned,False,True,True,,20260902,1,20261002,20261102,0.0005,0.01372489433112676,8.480389806209132e-05,6.884002467419948e-05,9.68512364978633e-05,9.729688107133186e-05,0.006586014991370019,0.01881718568962863,0.005498349213395768,0.011736478719272192,0.30322206020355225,0.23609669506549835,0.3552589416503906
P4,Restricted rollout-only,restricted_learned,False,False,True,,20260902,1,20261002,20261102,0.0005,0.01372489433112676,0.00010093094169860706,8.260787194190274e-05,0.00011355560816618193,0.00011394481089527326,0.0281751414813352,0.0805004042323863,0.02645232738250525,0.03553866761603902,0.3264523148536682,0.24485838413238525,0.39039599895477295
P1,Full identifiability-aware,restricted_learned,True,True,True,,20260902,1,20261003,20261103,0.0005,0.01372489433112676,2.247462180093862e-05,1.892140582344735e-05,2.9067636885735188e-05,2.9504170155299346e-05,0.006697276867111499,0.019135076763175714,0.005779954216610723,0.012114552694797276,0.30066344141960144,0.23946547508239746,0.3529673218727112
P2,Profile initialization only,restricted_learned,True,False,True,,20260902,1,20261003,20261103,0.0005,0.01372489433112676,3.253177783335559e-05,2.6430152038579503e-05,4.306033874214327e-05,4.3470811555788706e-05,0.02205354275137215,0.06301012214677758,0.02070508510319156,0.03118263983313041,0.3207050859928131,0.2514507472515106,0.38400617241859436
P3,Anchor loss only,restricted_learned,False,True,True,,20260902,1,20261003,20261103,0.0005,0.01372489433112676,1.5748149962746538e-05,1.308958894751511e-05,2.4926646724990562e-05,2.5374839036340817e-05,0.003817386641074691,0.010906818974499117,0.003467159957194762,0.007395279704707547,0.29937833547592163,0.23698538541793823,0.3526761829853058
P4,Restricted rollout-only,restricted_learned,False,False,True,,20260902,1,20261003,20261103,0.0005,0.01372489433112676,2.785017750284169e-05,2.258997108589397e-05,3.762595114469519e-05,3.802656444990179e-05,0.02088703816293813,0.05967725189410894,0.020163957663436448,0.02760012716136606,0.32016393542289734,0.24840253591537476,0.3876715898513794
P1,Full identifiability-aware,restricted_learned,True,True,True,,20260903,2,20261001,20261201,0.0005,0.013903431641113392,3.497327725199284e-06,3.081997540395263e-06,8.838419066271668e-06,8.932808080725844e-06,0.01201054599503465,0.034315845700099,0.010806017491907079,0.016716089461331407,0.2930435836315155,0.22545576095581055,0.3712292015552521
P2,Profile initialization only,restricted_learned,True,False,True,,20260903,2,20261001,20261201,0.0005,0.013903431641113392,2.0900804884149693e-05,1.798595203308736e-05,2.6897112169430377e-05,2.6837645374418902e-05,0.036515771382472494,0.10433077537849285,0.03586907357125734,0.04256628010854191,0.33586907386779785,0.261183500289917,0.3993801474571228
P3,Anchor loss only,restricted_learned,False,True,True,,20260903,2,20261001,20261201,0.0005,0.013903431641113392,6.583188223885372e-06,6.246120071602991e-06,1.307921409596807e-05,1.3086798322213176e-05,0.011163386909865137,0.03189539117104325,0.009885041038123538,0.016649374068600203,0.2931579351425171,0.2232791632413864,0.37132972478866577
P4,Restricted rollout-only,restricted_learned,False,False,True,,20260903,2,20261001,20261201,0.0005,0.013903431641113392,1.682807123870589e-05,1.429729707967651e-05,2.261797884017338e-05,2.2577482988263243e-05,0.03099827961710048,0.08856651319171566,0.030777884864095446,0.03391809533351653,0.3307779133319855,0.26153308153152466,0.3929491937160492
P1,Full identifiability-aware,restricted_learned,True,True,True,,20260903,2,20261002,20261202,0.0005,0.013903431641113392,7.246227323776111e-05,5.961563031627482e-05,7.923243525025996e-05,7.933642896334293e-05,0.007551976086606141,0.021577074533160403,0.006456567945319233,0.012657075411389385,0.2973378300666809,0.22745168209075928,0.36279985308647156
P2,Profile initialization only,restricted_learned,True,False,True,,20260903,2,20261002,20261202,0.0005,0.013903431641113392,6.772910273866728e-05,5.521106927135669e-05,7.859232897787738e-05,7.84980679600939e-05,0.015094751497275348,0.04312786142078671,0.013570287939909168,0.021597563464886782,0.3126797378063202,0.25198960304260254,0.35340043902397156
P3,Anchor loss only,restricted_learned,False,True,True,,20260903,2,20261002,20261202,0.0005,0.013903431641113392,7.106005068635568e-05,5.851154687776585e-05,7.620971415770586e-05,7.6319879109931e-05,0.005890508451746877,0.016830024147848222,0.0045133202204791925,0.013613933027607467,0.2976577877998352,0.22631460428237915,0.3645332455635071
P4,Restricted rollout-only,restricted_learned,False,False,True,,20260903,2,20261002,20261202,0.0005,0.013903431641113392,6.425150786526501e-05,5.2279242154021504e-05,7.46282306096335e-05,7.455972697658606e-05,0.014882131187721782,0.04252037482206224,0.01305951803457131,0.021405054594697936,0.31193357706069946,0.2533979117870331,0.3537817597389221
P1,Full identifiability-aware,restricted_learned,True,True,True,,20260903,2,20261003,20261203,0.0005,0.013903431641113392,9.883115126285702e-06,8.225926295364325e-06,2.1878926505593017e-05,2.1963268026474502e-05,0.010696352121243287,0.030561006060695107,0.009133356649679415,0.015795812558907996,0.29282400012016296,0.22592580318450928,0.3662150204181671
P2,Profile initialization only,restricted_learned,True,False,True,,20260903,2,20261003,20261203,0.0005,0.013903431641113392,7.670984632568434e-05,6.305556667886191e-05,8.951535671147583e-05,8.933833320821901e-05,0.03065654462070077,0.0875901274877165,0.029909363937615178,0.03896147095119373,0.3299093544483185,0.25666990876197815,0.3812435269355774
P3,Anchor loss only,restricted_learned,False,True,True,,20260903,2,20261003,20261203,0.0005,0.013903431641113392,7.62268973630853e-06,6.566412144544415e-06,1.853085846652919e-05,1.861174303645638e-05,0.009855627681923773,0.028158936234067924,0.008380806292018145,0.01735373705707219,0.2927933633327484,0.22257480025291443,0.36656278371810913
P4,Restricted rollout-only,restricted_learned,False,False,True,,20260903,2,20261003,20261203,0.0005,0.013903431641113392,6.602043140446767e-05,5.396275905936403e-05,7.822661631721834e-05,7.807455471442672e-05,0.028389563360140882,0.0811130381718311,0.027890764421491496,0.03488531027277658,0.3278907537460327,0.2562417685985565,0.3807980716228485
P1,Full identifiability-aware,restricted_learned,True,True,True,,20260904,3,20261001,20261301,0.0005,0.015000000000000006,3.977713731728727e-06,3.5028763318815916e-06,2.5420878425893345e-06,2.6125227140268683e-06,0.009806583347691392,0.02801880956483255,0.008393109805674998,0.01639500938808336,0.2949764132499695,0.24962395429611206,0.3691267669200897
P2,Profile initialization only,restricted_learned,True,False,True,,20260904,3,20261001,20261301,0.0005,0.015000000000000006,1.9743627035495592e-06,2.0626585529446117e-06,2.8077886690422863e-06,3.0282337102028345e-06,0.02511138842350214,0.07174682406714898,0.022963545200836613,0.03951053589664133,0.32296353578567505,0.2482004165649414,0.39958199858665466
P3,Anchor loss only,restricted_learned,False,True,True,,20260904,3,20261001,20261301,0.0005,0.015000000000000006,2.4069888695521513e-06,2.201161068617974e-06,1.4425761368940653e-06,1.6640062871017798e-06,0.007670244502226412,0.021914984292075463,0.006516457013289398,0.012564832886754584,0.2952233850955963,0.2450028359889984,0.3673672676086426
P4,Restricted rollout-only,restricted_learned,False,False,True,,20260904,3,20261001,20261301,0.0005,0.015000000000000006,1.7338170437142253e-06,1.8142285097273179e-06,2.5381678322129406e-06,2.7783886834621557e-06,0.02312639235914854,0.0660754067404244,0.021176626270090183,0.03549070924602182,0.3211766481399536,0.245226189494133,0.39556217193603516
P1,Full identifiability-aware,restricted_learned,True,True,True,,20260904,3,20261002,20261302,0.0005,0.015000000000000006,0.00010462318459758535,8.588450150465664e-05,0.00011598758979940506,0.0001162105753283578,0.004926299640699924,0.014075141830571212,0.004063343608585296,0.011086768209117387,0.2991096079349518,0.251015305519104,0.361818790435791
P2,Profile initialization only,restricted_learned,True,False,True,,20260904,3,20261002,20261302,0.0005,0.015000000000000006,0.00011071470362367108,9.107398528265898e-05,0.00012638643198533632,0.00012684412219946778,0.025504438989117133,0.07286982568319181,0.024203214242090647,0.03537988748112969,0.3242031931877136,0.25240328907966614,0.3706209361553192
P3,Anchor loss only,restricted_learned,False,True,True,,20260904,3,20261002,20261302,0.0005,0.015000000000000006,0.0001075018008123152,8.828430234693725e-05,0.0001186150871052593,0.00011886814225362731,0.0042651243106753955,0.012186069459072559,0.0036787203394675772,0.008329293429034684,0.3001101016998291,0.2482578307390213,0.3625960350036621
P4,Restricted rollout-only,restricted_learned,False,False,True,,20260904,3,20261002,20261302,0.0005,0.015000000000000006,0.00011207579518668354,9.218522721711173e-05,0.00012652776866118942,0.0001269379328393346,0.028023886770636698,0.08006824791610485,0.02734100839391871,0.035515530841343845,0.3273409903049469,0.2566796541213989,0.37657731771469116
P1,Full identifiability-aware,restricted_learned,True,True,True,,20260904,3,20261003,20261303,0.0005,0.015000000000000006,4.410594101500465e-06,3.534101355885577e-06,1.0968259557231923e-05,1.124260713080793e-05,0.010828455250921732,0.030938443574062093,0.009080584591217208,0.017996209453576828,0.29330772161483765,0.2514038681983948,0.3637642562389374
P2,Profile initialization only,restricted_learned,True,False,True,,20260904,3,20261003,20261303,0.0005,0.015000000000000006,4.589233503793366e-05,3.854272688289633e-05,5.809781550679797e-05,5.8538260947615764e-05,0.04507175014789172,0.12877642899397634,0.04432015653273361,0.05339749681987588,0.344320148229599,0.2684551477432251,0.40381717681884766
P3,Anchor loss only,restricted_learned,False,True,True,,20260904,3,20261003,20261303,0.0005,0.015000000000000006,3.138649617540068e-06,2.3827049838877075e-06,1.2434434469880334e-05,1.2794835744678306e-05,0.008180705619862734,0.02337344462817924,0.006882093544438554,0.013201637166166347,0.29406580328941345,0.244357168674469,0.361368864774704
P4,Restricted rollout-only,restricted_learned,False,False,True,,20260904,3,20261003,20261303,0.0005,0.015000000000000006,5.390148362494074e-05,4.500241821557612e-05,6.482858688662678e-05,6.524611743147259e-05,0.04356727364763133,0.12447792470751809,0.043019302952941985,0.05021440304363356,0.3430193364620209,0.26366573572158813,0.4009697139263153
P1,Full identifiability-aware,restricted_learned,True,True,True,,20260905,4,20261001,20261401,0.0005,0.010214268654993329,9.276091077481396e-06,7.841192412545586e-06,1.5067568958695153e-05,1.5233821583162224e-05,0.007714279279911279,0.022040797942603656,0.006443062169572706,0.012529658922694809,0.30564895272254944,0.23352307081222534,0.3590015172958374
P2,Profile initialization only,restricted_learned,True,False,True,,20260905,4,20261001,20261401,0.0005,0.010214268654993329,2.2713278667652048e-05,1.9136730913875117e-05,2.8764094207949338e-05,2.9258236568892822e-05,0.03559991409119813,0.10171404026056609,0.03487699325404951,0.044281520212748615,0.33487701416015625,0.2629339098930359,0.3826969265937805
P3,Anchor loss only,restricted_learned,False,True,True,,20260905,4,20261001,20261401,0.0005,0.010214268654993329,8.445987077720929e-06,7.1253539048247705e-06,1.4161886516047927e-05,1.4334814973014182e-05,0.007193352212512596,0.020552434892893132,0.0060191231417162155,0.01168817026642649,0.30544382333755493,0.23449894785881042,0.36003658175468445
P4,Restricted rollout-only,restricted_learned,False,False,True,,20260905,4,20261001,20261401,0.0005,0.010214268654993329,2.1831185222254135e-05,1.8224593826389263e-05,2.7646124151719178e-05,2.815717725962689e-05,0.03629748708543663,0.10370710595839039,0.036012721358247075,0.04197198923931417,0.33601272106170654,0.2697794437408447,0.3881785273551941
P1,Full identifiability-aware,restricted_learned,True,True,True,,20260905,4,20261002,20261402,0.0005,0.010214268654993329,5.54809093955555e-06,5.41675146046466e-06,1.3769373973892198e-05,1.3892533660781828e-05,0.006680301703313151,0.019086576295180433,0.006162440616223412,0.009770918807088469,0.305608868598938,0.23468473553657532,0.36493411660194397
P2,Profile initialization only,restricted_learned,True,False,True,,20260905,4,20261002,20261402,0.0005,0.010214268654993329,2.8492768251453526e-06,3.0044130491519643e-06,7.907964264013127e-06,8.112291313071904e-06,0.003916109275287812,0.011188883643679462,0.003621929944095114,0.005739279643448503,0.3035840094089508,0.23887118697166443,0.3655932545661926
P3,Anchor loss only,restricted_learned,False,True,True,,20260905,4,20261002,20261402,0.0005,0.010214268654993329,4.879979314864613e-06,4.890091865951511e-06,1.2447333581193822e-05,1.2569618806322003e-05,0.006739175991714161,0.019254788547754746,0.006186149946106528,0.00978389925867068,0.3056200444698334,0.23516102135181427,0.3648315668106079
P4,Restricted rollout-only,restricted_learned,False,False,True,,20260905,4,20261002,20261402,0.0005,0.010214268654993329,1.970642870219308e-06,2.047720018351328e-06,6.215069577350235e-06,6.443126002344871e-06,0.00809682365607534,0.02313378187450097,0.008022470171771847,0.011845010221821384,0.30802249908447266,0.2464005947113037,0.3719164729118347
P1,Full identifiability-aware,restricted_learned,True,True,True,,20260905,4,20261003,20261403,0.0005,0.010214268654993329,5.731987130275229e-06,5.777218518471082e-06,7.3606866479522675e-06,7.480397494972791e-06,0.008096335047117507,0.023132385848907165,0.007041310030827854,0.012532218718564081,0.3069491684436798,0.23787890374660492,0.36151787638664246
P2,Profile initialization only,restricted_learned,True,False,True,,20260905,4,20261003,20261403,0.0005,0.010214268654993329,2.4099108486552723e-06,2.424452624780782e-06,4.857596571031472e-06,5.132204330185829e-06,0.021769526499146742,0.06219864714041927,0.01834889373818499,0.03164740274935479,0.3180323541164398,0.26824384927749634,0.3574777841567993
P3,Anchor loss only,restricted_learned,False,True,True,,20260905,4,20261003,20261403,0.0005,0.010214268654993329,5.3260901040630415e-06,5.377227111158207e-06,6.475963883295007e-06,6.598869716356943e-06,0.00796110092275797,0.022746002636451344,0.00694223418502913,0.012352940616022878,0.30690011382102966,0.2386683225631714,0.3618476688861847
P4,Restricted rollout-only,restricted_learned,False,False,True,,20260905,4,20261003,20261403,0.0005,0.010214268654993329,1.7791110167308943e-06,1.8003129522092723e-06,4.103985641060609e-06,4.408445042208298e-06,0.026850185344426444,0.07671481526978985,0.023698226640473566,0.03882068192902888,0.3236981928348541,0.27822500467300415,0.36377352476119995
