data_seed,optimization_seed,P1_delay_rmse,P3_delay_rmse,delay_rmse_ratio,delay_rmse_difference,P1_clean_test_mse,P3_clean_test_mse,clean_test_mse_ratio
20260901,20261001,0.012658132002344648,0.011656368902016464,1.0859412659936394,0.0010017631003281843,2.9928577943040998e-05,2.539116806977212e-05,1.178700320552429
20260901,20261002,0.012665294055634015,0.010659939186694322,1.1881206669023747,0.0020053548689396936,2.355703995495283e-05,2.305925385501541e-05,1.0215872596341253
20260901,20261003,0.012095220799930563,0.011067714441241846,1.0928381703506822,0.0010275063586887168,4.464939014663133e-05,4.411337239697524e-05,1.0121509129892061
20260902,20261001,0.006840469105886615,0.005815479602714995,1.1762519298826353,0.0010249895031716194,5.420972129568543e-05,4.35912063430474e-05,1.24359305106342
20260902,20261002,0.010314461195647743,0.006586014991370019,1.5661156570647488,0.003728446204277724,0.00010212273146391056,9.68512364978633e-05,1.05442878332445
20260902,20261003,0.006697276867111499,0.003817386641074691,1.7544140787442075,0.002879890226036808,2.9067636885735188e-05,2.4926646724990562e-05,1.1661270449423515
20260903,20261001,0.01201054599503465,0.011163386909865137,1.0758872815221403,0.0008471590851695122,8.838419066271668e-06,1.307921409596807e-05,0.6757607147815011
20260903,20261002,0.007551976086606141,0.005890508451746877,1.2820584417235736,0.001661467634859264,7.923243525025996e-05,7.620971415770586e-05,1.0396631994485503
20260903,20261003,0.010696352121243287,0.009855627681923773,1.085303997518239,0.0008407244393195141,2.1878926505593017e-05,1.853085846652919e-05,1.1806752798372064
20260904,20261001,0.009806583347691392,0.007670244502226412,1.2785229134279714,0.00213633884546498,2.5420878425893345e-06,1.4425761368940653e-06,1.7621862566384676
20260904,20261002,0.004926299640699924,0.0042651243106753955,1.1550190057461254,0.0006611753300245285,0.00011598758979940506,0.0001186150871052593,0.9778485404346363
20260904,20261003,0.010828455250921732,0.008180705619862734,1.3236578547246913,0.002647749631058998,1.0968259557231923e-05,1.2434434469880334e-05,0.8820875274866826
20260905,20261001,0.007714279279911279,0.007193352212512596,1.0724178452561446,0.000520927067398683,1.5067568958695153e-05,1.4161886516047927e-05,1.0639521042356135
20260905,20261002,0.006680301703313151,0.006739175991714161,0.9912638743262684,-5.88742884010101e-05,1.3769373973892198e-05,1.2447333581193822e-05,1.1062107305210969
20260905,20261003,0.008096335047117507,0.00796110092275797,1.0169868622030593,0.000135234124359538,7.3606866479522675e-06,6.475963883295007e-06,1.1366163833833967
