state,true_delay,estimated_delay,interval_lower,interval_upper,interval_width,bootstrap_sd,eta_95,profile_minimum,profile_range,empirical_set_lower,empirical_set_upper,empirical_set_diameter,empirical_set_components,true_in_interval,true_in_empirical_set,verdict,verdict_reason,geometry_accepted,n_resamples,noise_std
-0.7,0.242309419673864,0.22299999999999998,0.180875,0.25717499999999993,0.07629999999999992,0.020143308346655953,0.0011486186897130546,3.7571418972093262e-06,0.002755389576937295,0.15,0.474,0.32399999999999995,1,True,True,identifiable,resolved connected profile,True,120,0.0005
-0.63,0.24603798186555936,0.255,0.186975,0.275075,0.08810000000000001,0.022780280430025182,0.001330951780608302,0.00015216404019434692,0.002328912781613757,0.15,0.5,0.35,1,True,True,identifiable,resolved connected profile,True,120,0.0005
-0.5599999999999999,0.2502527803659503,0.316,0.209925,0.37342499999999984,0.16349999999999984,0.040154100920432666,0.0018194055580654732,0.0003763862459241096,0.0011079963557806493,0.15,0.5,0.35,1,True,True,weakly identifiable / abstain,resampling interval exceeds resolution threshold,False,120,0.0005
-0.49,0.25497172592556155,0.214,0.17195,0.2633249999999999,0.09137499999999993,0.02576578409930699,0.0013148206854514447,2.3226505924711648e-05,0.003135018894435604,0.15,0.474,0.32399999999999995,1,True,True,weakly identifiable / abstain,resampling interval exceeds resolution threshold,False,120,0.0005
-0.42,0.2601986963955687,0.252,0.19490000000000002,0.28427499999999994,0.08937499999999993,0.023364988531467987,0.0013438810014933602,1.154938806972039e-05,0.002589575398180688,0.15,0.5,0.35,1,True,True,identifiable,resolved connected profile,True,120,0.0005
-0.35,0.2659199739596349,0.22699999999999998,0.189975,0.27005,0.08007500000000001,0.022552025131571094,0.001062872896384733,3.141528204344546e-05,0.0030928271258250928,0.15,0.44999999999999996,0.29999999999999993,1,True,True,identifiable,resolved connected profile,True,120,0.0005
-0.28,0.27210140271960986,0.27,0.22497499999999998,0.303025,0.07805000000000001,0.021395724591897453,0.0010759321392806909,1.8545278047676916e-06,0.0024808238564863806,0.15,0.483,0.33299999999999996,1,True,True,identifiable,resolved connected profile,True,120,0.0005
-0.21000000000000002,0.27868686984294644,0.254,0.222,0.28902500000000003,0.06702500000000003,0.018695788108480462,0.0009919223294168021,3.4240845431177116e-05,0.002803442071134299,0.15,0.45899999999999996,0.30899999999999994,1,True,True,identifiable,resolved connected profile,True,120,0.0005
-0.14,0.2855986599633792,0.29400000000000004,0.246975,0.33199999999999996,0.08502499999999996,0.021560909747310113,0.0010101119860350869,0.00011646576421773248,0.00184583907980298,0.15,0.5,0.35,1,True,True,identifiable,resolved connected profile,True,120,0.0005
-0.07000000000000006,0.2927400288856012,0.299,0.24795,0.32904999999999995,0.08109999999999995,0.02063365767700076,0.00126500898956474,3.889818042717153e-05,0.0020078756871532155,0.15,0.5,0.35,1,True,True,identifiable,resolved connected profile,True,120,0.0005
0.0,0.3,0.318,0.26695,0.3482249999999999,0.08127499999999988,0.021291961371550965,0.0012252700694079055,4.8525866062942845e-05,0.0016128694968126078,0.15,0.5,0.35,1,True,True,identifiable,resolved connected profile,True,120,0.0005
0.06999999999999995,0.3072599711143988,0.317,0.26495,0.352,0.08704999999999996,0.022562851834667632,0.0012757486470854674,6.211825983337693e-05,0.0018075692661489117,0.15,0.5,0.35,1,True,True,identifiable,resolved connected profile,True,120,0.0005
0.1399999999999999,0.3144013400366208,0.32699999999999996,0.274975,0.349025,0.07404999999999995,0.019648907140620512,0.0011828845204322712,0.00010719632433890958,0.0018567467697625294,0.15,0.5,0.35,1,True,True,identifiable,resolved connected profile,True,120,0.0005
0.20999999999999996,0.32131313015705354,0.346,0.27387500000000004,0.358075,0.08419999999999994,0.021982382492714975,0.0015445755219222305,5.1285693365898945e-05,0.0024410944656454215,0.15,0.5,0.35,1,True,True,identifiable,resolved connected profile,True,120,0.0005
0.2799999999999999,0.3278985972803901,0.33699999999999997,0.28400000000000003,0.366075,0.08207499999999995,0.02243064474172357,0.0011618982624384607,5.4515326865978154e-05,0.0022658314169873295,0.15,0.5,0.35,1,True,True,identifiable,resolved connected profile,True,120,0.0005
0.34999999999999987,0.334080026040365,0.364,0.2998,0.40705,0.10725000000000001,0.028867411573959872,0.0014947634538610376,0.000147160226123777,0.0029507582846266087,0.15,0.5,0.35,1,True,True,weakly identifiable / abstain,resampling interval exceeds resolution threshold,False,120,0.0005
0.41999999999999993,0.3398013036044313,0.33199999999999996,0.313,0.3721,0.059099999999999986,0.015765612954171122,0.0011865833536019563,5.300743081404491e-06,0.002292614659997461,0.15,0.5,0.35,1,True,True,identifiable,resolved connected profile,True,120,0.0005
0.49,0.3450282740744384,0.351,0.308975,0.3681499999999999,0.05917499999999992,0.017357726990435984,0.0009873067668718768,3.4889538829374624e-05,0.0028701933961275297,0.184,0.5,0.316,1,True,True,identifiable,resolved connected profile,True,120,0.0005
0.5599999999999998,0.3497472196340497,0.34199999999999997,0.316,0.380025,0.064025,0.016151937469963587,0.0010904058365228085,1.2818817795001714e-05,0.0025594566378336348,0.16499999999999998,0.5,0.335,1,True,True,identifiable,resolved connected profile,True,120,0.0005
0.6299999999999999,0.3539620181344406,0.367,0.3439,0.396025,0.05212500000000003,0.014640902376867482,0.0010315135341934963,2.278465976803812e-05,0.003480473855062627,0.2,0.5,0.3,1,True,True,identifiable,resolved connected profile,True,120,0.0005
0.7,0.357690580326136,0.354,0.33797499999999997,0.428175,0.0902,0.022591238913132958,0.0020842043587209883,7.4551131019617856e-06,0.0029251441858807016,0.15,0.5,0.35,1,True,True,weakly identifiable / abstain,resampling interval exceeds resolution threshold,False,120,0.0005
