config_id,n_runs,n_pairs,mean_pairwise_delay_rmse,median_pairwise_delay_rmse,max_pairwise_delay_rmse
P0,5,10,0.0,0.0,0.0
P1,5,10,0.00423073562560603,0.00389586144592613,0.006860214285552502
P2,5,10,0.023339748103171586,0.019657240249216557,0.04537488892674446
P3,5,10,0.004791520140133798,0.004800236085429788,0.00744083896279335
P4,5,10,0.02131988862529397,0.019353047013282776,0.040248896926641464
P5,5,10,0.048196043260395525,0.0410736259073019,0.096534863114357
P6,3,3,0.0,0.0,0.0
D1,5,10,0.14347449503839016,0.13363832980394363,0.28853708505630493
D2,1,0,,,
