config_id,label,model_class,seed,state,learned_delay,true_delay,profile_minimizer,interval_lower,interval_upper,interval_width,geometry_verdict,candidate_profile_value,empirical_profile_threshold,candidate_in_interval,candidate_in_empirical_set,certificate_eligible,candidate_accepted,candidate_abstained,candidate_verdict_reason,absolute_delay_error,mechanistic_tolerance,false_confidence_event
D1,Restricted learned delay / forced degenerate ramps,restricted_learned,20260719,-0.7,0.17873863875865936,0.242309419673864,,0.15,0.5,0.35,non-identifiable / abstain,0.0,0.0,True,True,True,False,True,structurally flat profile,0.06357078091520463,0.034999999999999996,False
D1,Restricted learned delay / forced degenerate ramps,restricted_learned,20260719,-0.63,0.17919521033763885,0.24603798186555936,,0.15,0.5,0.35,non-identifiable / abstain,0.0,0.0,True,True,True,False,True,structurally flat profile,0.06684277152792051,0.034999999999999996,False
D1,Restricted learned delay / forced degenerate ramps,restricted_learned,20260719,-0.5599999999999999,0.1796584278345108,0.2502527803659503,,0.15,0.5,0.35,non-identifiable / abstain,0.0,0.0,True,True,True,False,True,structurally flat profile,0.07059435253143947,0.034999999999999996,False
D1,Restricted learned delay / forced degenerate ramps,restricted_learned,20260719,-0.49,0.18012723326683044,0.25497172592556155,,0.15,0.5,0.35,non-identifiable / abstain,0.0,0.0,True,True,True,False,True,structurally flat profile,0.07484449265873111,0.034999999999999996,False
D1,Restricted learned delay / forced degenerate ramps,restricted_learned,20260719,-0.42,0.18060070276260376,0.2601986963955687,,0.15,0.5,0.35,non-identifiable / abstain,0.0,0.0,True,True,True,False,True,structurally flat profile,0.07959799363296494,0.034999999999999996,False
D1,Restricted learned delay / forced degenerate ramps,restricted_learned,20260719,-0.35,0.18107812106609344,0.2659199739596349,,0.15,0.5,0.35,non-identifiable / abstain,0.0,0.0,True,True,True,False,True,structurally flat profile,0.08484185289354146,0.034999999999999996,False
D1,Restricted learned delay / forced degenerate ramps,restricted_learned,20260719,-0.28,0.1815590262413025,0.27210140271960986,,0.15,0.5,0.35,non-identifiable / abstain,0.0,0.0,True,True,True,False,True,structurally flat profile,0.09054237647830737,0.034999999999999996,False
D1,Restricted learned delay / forced degenerate ramps,restricted_learned,20260719,-0.21000000000000002,0.1820431351661682,0.27868686984294644,,0.15,0.5,0.35,non-identifiable / abstain,0.0,0.0,True,True,True,False,True,structurally flat profile,0.09664373467677823,0.034999999999999996,False
D1,Restricted learned delay / forced degenerate ramps,restricted_learned,20260719,-0.14,0.18253038823604584,0.2855986599633792,,0.15,0.5,0.35,non-identifiable / abstain,0.0,0.0,True,True,True,False,True,structurally flat profile,0.10306827172733335,0.034999999999999996,False
D1,Restricted learned delay / forced degenerate ramps,restricted_learned,20260719,-0.07000000000000006,0.18302097916603088,0.2927400288856012,,0.15,0.5,0.35,non-identifiable / abstain,0.0,0.0,True,True,True,False,True,structurally flat profile,0.1097190497195703,0.034999999999999996,False
D1,Restricted learned delay / forced degenerate ramps,restricted_learned,20260719,0.0,0.18351522088050842,0.3,,0.15,0.5,0.35,non-identifiable / abstain,0.0,0.0,True,True,True,False,True,structurally flat profile,0.11648477911949157,0.034999999999999996,False
D1,Restricted learned delay / forced degenerate ramps,restricted_learned,20260719,0.06999999999999995,0.18401363492012024,0.3072599711143988,,0.15,0.5,0.35,non-identifiable / abstain,0.0,0.0,True,True,True,False,True,structurally flat profile,0.12324633619427855,0.034999999999999996,False
D1,Restricted learned delay / forced degenerate ramps,restricted_learned,20260719,0.1399999999999999,0.1845168024301529,0.3144013400366208,,0.15,0.5,0.35,non-identifiable / abstain,0.0,0.0,True,True,True,False,True,structurally flat profile,0.1298845376064679,0.034999999999999996,False
D1,Restricted learned delay / forced degenerate ramps,restricted_learned,20260719,0.20999999999999996,0.1850254088640213,0.32131313015705354,,0.15,0.5,0.35,non-identifiable / abstain,0.0,0.0,True,True,True,False,True,structurally flat profile,0.13628772129303224,0.034999999999999996,False
D1,Restricted learned delay / forced degenerate ramps,restricted_learned,20260719,0.2799999999999999,0.1855400949716568,0.3278985972803901,,0.15,0.5,0.35,non-identifiable / abstain,0.0,0.0,True,True,True,False,True,structurally flat profile,0.14235850230873331,0.034999999999999996,False
D1,Restricted learned delay / forced degenerate ramps,restricted_learned,20260719,0.34999999999999987,0.18606151640415192,0.334080026040365,,0.15,0.5,0.35,non-identifiable / abstain,0.0,0.0,True,True,True,False,True,structurally flat profile,0.1480185096362131,0.034999999999999996,False
D1,Restricted learned delay / forced degenerate ramps,restricted_learned,20260719,0.41999999999999993,0.18659016489982605,0.3398013036044313,,0.15,0.5,0.35,non-identifiable / abstain,0.0,0.0,True,True,True,False,True,structurally flat profile,0.15321113870460523,0.034999999999999996,False
D1,Restricted learned delay / forced degenerate ramps,restricted_learned,20260719,0.49,0.18712641298770905,0.3450282740744384,,0.15,0.5,0.35,non-identifiable / abstain,0.0,0.0,True,True,True,False,True,structurally flat profile,0.15790186108672938,0.034999999999999996,False
D1,Restricted learned delay / forced degenerate ramps,restricted_learned,20260719,0.5599999999999998,0.18767037987709045,0.3497472196340497,,0.15,0.5,0.35,non-identifiable / abstain,0.0,0.0,True,True,True,False,True,structurally flat profile,0.16207683975695925,0.034999999999999996,False
D1,Restricted learned delay / forced degenerate ramps,restricted_learned,20260719,0.6299999999999999,0.18822191655635834,0.3539620181344406,,0.15,0.5,0.35,non-identifiable / abstain,0.0,0.0,True,True,True,False,True,structurally flat profile,0.16574010157808228,0.034999999999999996,False
D1,Restricted learned delay / forced degenerate ramps,restricted_learned,20260719,0.7,0.1887805312871933,0.357690580326136,,0.15,0.5,0.35,non-identifiable / abstain,0.0,0.0,True,True,True,False,True,structurally flat profile,0.1689100490389427,0.034999999999999996,False
D1,Restricted learned delay / forced degenerate ramps,restricted_learned,20260720,-0.7,0.26611536741256714,0.242309419673864,,0.15,0.5,0.35,non-identifiable / abstain,0.0,0.0,True,True,True,False,True,structurally flat profile,0.023805947738703148,0.034999999999999996,False
D1,Restricted learned delay / forced degenerate ramps,restricted_learned,20260720,-0.63,0.2670457661151886,0.24603798186555936,,0.15,0.5,0.35,non-identifiable / abstain,0.0,0.0,True,True,True,False,True,structurally flat profile,0.021007784249629236,0.034999999999999996,False
D1,Restricted learned delay / forced degenerate ramps,restricted_learned,20260720,-0.5599999999999999,0.2679521441459656,0.2502527803659503,,0.15,0.5,0.35,non-identifiable / abstain,0.0,0.0,True,True,True,False,True,structurally flat profile,0.017699363780015298,0.034999999999999996,False
D1,Restricted learned delay / forced degenerate ramps,restricted_learned,20260720,-0.49,0.268831729888916,0.25497172592556155,,0.15,0.5,0.35,non-identifiable / abstain,0.0,0.0,True,True,True,False,True,structurally flat profile,0.013860003963354461,0.034999999999999996,False
D1,Restricted learned delay / forced degenerate ramps,restricted_learned,20260720,-0.42,0.26968228816986084,0.2601986963955687,,0.15,0.5,0.35,non-identifiable / abstain,0.0,0.0,True,True,True,False,True,structurally flat profile,0.009483591774292144,0.034999999999999996,False
D1,Restricted learned delay / forced degenerate ramps,restricted_learned,20260720,-0.35,0.2705022990703583,0.2659199739596349,,0.15,0.5,0.35,non-identifiable / abstain,0.0,0.0,True,True,True,False,True,structurally flat profile,0.004582325110723373,0.034999999999999996,False
D1,Restricted learned delay / forced degenerate ramps,restricted_learned,20260720,-0.28,0.2712906002998352,0.27210140271960986,,0.15,0.5,0.35,non-identifiable / abstain,0.0,0.0,True,True,True,False,True,structurally flat profile,0.0008108024197746588,0.034999999999999996,False
D1,Restricted learned delay / forced degenerate ramps,restricted_learned,20260720,-0.21000000000000002,0.27204662561416626,0.27868686984294644,,0.15,0.5,0.35,non-identifiable / abstain,0.0,0.0,True,True,True,False,True,structurally flat profile,0.006640244228780179,0.034999999999999996,False
D1,Restricted learned delay / forced degenerate ramps,restricted_learned,20260720,-0.14,0.27277031540870667,0.2855986599633792,,0.15,0.5,0.35,non-identifiable / abstain,0.0,0.0,True,True,True,False,True,structurally flat profile,0.012828344554672522,0.034999999999999996,False
D1,Restricted learned delay / forced degenerate ramps,restricted_learned,20260720,-0.07000000000000006,0.2734619975090027,0.2927400288856012,,0.15,0.5,0.35,non-identifiable / abstain,0.0,0.0,True,True,True,False,True,structurally flat profile,0.019278031376598503,0.034999999999999996,False
D1,Restricted learned delay / forced degenerate ramps,restricted_learned,20260720,0.0,0.2741222381591797,0.3,,0.15,0.5,0.35,non-identifiable / abstain,0.0,0.0,True,True,True,False,True,structurally flat profile,0.0258777618408203,0.034999999999999996,False
D1,Restricted learned delay / forced degenerate ramps,restricted_learned,20260720,0.06999999999999995,0.27475202083587646,0.3072599711143988,,0.15,0.5,0.35,non-identifiable / abstain,0.0,0.0,True,True,True,False,True,structurally flat profile,0.032507950278522324,0.034999999999999996,False
D1,Restricted learned delay / forced degenerate ramps,restricted_learned,20260720,0.1399999999999999,0.27535244822502136,0.3144013400366208,,0.15,0.5,0.35,non-identifiable / abstain,0.0,0.0,True,True,True,False,True,structurally flat profile,0.03904889181159943,0.034999999999999996,False
D1,Restricted learned delay / forced degenerate ramps,restricted_learned,20260720,0.20999999999999996,0.27592480182647705,0.32131313015705354,,0.15,0.5,0.35,non-identifiable / abstain,0.0,0.0,True,True,True,False,True,structurally flat profile,0.04538832833057649,0.034999999999999996,False
D1,Restricted learned delay / forced degenerate ramps,restricted_learned,20260720,0.2799999999999999,0.27647048234939575,0.3278985972803901,,0.15,0.5,0.35,non-identifiable / abstain,0.0,0.0,True,True,True,False,True,structurally flat profile,0.05142811493099436,0.034999999999999996,False
D1,Restricted learned delay / forced degenerate ramps,restricted_learned,20260720,0.34999999999999987,0.2769908905029297,0.334080026040365,,0.15,0.5,0.35,non-identifiable / abstain,0.0,0.0,True,True,True,False,True,structurally flat profile,0.05708913553743533,0.034999999999999996,False
D1,Restricted learned delay / forced degenerate ramps,restricted_learned,20260720,0.41999999999999993,0.2774874269962311,0.3398013036044313,,0.15,0.5,0.35,non-identifiable / abstain,0.0,0.0,True,True,True,False,True,structurally flat profile,0.0623138766082002,0.034999999999999996,False
D1,Restricted learned delay / forced degenerate ramps,restricted_learned,20260720,0.49,0.27796149253845215,0.3450282740744384,,0.15,0.5,0.35,non-identifiable / abstain,0.0,0.0,True,True,True,False,True,structurally flat profile,0.06706678153598628,0.034999999999999996,False
D1,Restricted learned delay / forced degenerate ramps,restricted_learned,20260720,0.5599999999999998,0.27841442823410034,0.3497472196340497,,0.15,0.5,0.35,non-identifiable / abstain,0.0,0.0,True,True,True,False,True,structurally flat profile,0.07133279139994936,0.034999999999999996,False
D1,Restricted learned delay / forced degenerate ramps,restricted_learned,20260720,0.6299999999999999,0.27884742617607117,0.3539620181344406,,0.15,0.5,0.35,non-identifiable / abstain,0.0,0.0,True,True,True,False,True,structurally flat profile,0.07511459195836945,0.034999999999999996,False
D1,Restricted learned delay / forced degenerate ramps,restricted_learned,20260720,0.7,0.27926167845726013,0.357690580326136,,0.15,0.5,0.35,non-identifiable / abstain,0.0,0.0,True,True,True,False,True,structurally flat profile,0.07842890186887586,0.034999999999999996,False
D1,Restricted learned delay / forced degenerate ramps,restricted_learned,20260721,-0.7,0.33466437458992004,0.242309419673864,,0.15,0.5,0.35,non-identifiable / abstain,0.0,0.0,True,True,True,False,True,structurally flat profile,0.09235495491605605,0.034999999999999996,False
D1,Restricted learned delay / forced degenerate ramps,restricted_learned,20260721,-0.63,0.33583590388298035,0.24603798186555936,,0.15,0.5,0.35,non-identifiable / abstain,0.0,0.0,True,True,True,False,True,structurally flat profile,0.08979792201742098,0.034999999999999996,False
D1,Restricted learned delay / forced degenerate ramps,restricted_learned,20260721,-0.5599999999999999,0.3369952440261841,0.2502527803659503,,0.15,0.5,0.35,non-identifiable / abstain,0.0,0.0,True,True,True,False,True,structurally flat profile,0.0867424636602338,0.034999999999999996,False
D1,Restricted learned delay / forced degenerate ramps,restricted_learned,20260721,-0.49,0.3381401598453522,0.25497172592556155,,0.15,0.5,0.35,non-identifiable / abstain,0.0,0.0,True,True,True,False,True,structurally flat profile,0.08316843391979062,0.034999999999999996,False
D1,Restricted learned delay / forced degenerate ramps,restricted_learned,20260721,-0.42,0.3392685651779175,0.2601986963955687,,0.15,0.5,0.35,non-identifiable / abstain,0.0,0.0,True,True,True,False,True,structurally flat profile,0.07906986878234878,0.034999999999999996,False
D1,Restricted learned delay / forced degenerate ramps,restricted_learned,20260721,-0.35,0.34037864208221436,0.2659199739596349,,0.15,0.5,0.35,non-identifiable / abstain,0.0,0.0,True,True,True,False,True,structurally flat profile,0.07445866812257945,0.034999999999999996,False
D1,Restricted learned delay / forced degenerate ramps,restricted_learned,20260721,-0.28,0.3414686918258667,0.27210140271960986,,0.15,0.5,0.35,non-identifiable / abstain,0.0,0.0,True,True,True,False,True,structurally flat profile,0.06936728910625684,0.034999999999999996,False
D1,Restricted learned delay / forced degenerate ramps,restricted_learned,20260721,-0.21000000000000002,0.3425372242927551,0.27868686984294644,,0.15,0.5,0.35,non-identifiable / abstain,0.0,0.0,True,True,True,False,True,structurally flat profile,0.06385035444980869,0.034999999999999996,False
D1,Restricted learned delay / forced degenerate ramps,restricted_learned,20260721,-0.14,0.34358298778533936,0.2855986599633792,,0.15,0.5,0.35,non-identifiable / abstain,0.0,0.0,True,True,True,False,True,structurally flat profile,0.05798432782196017,0.034999999999999996,False
D1,Restricted learned delay / forced degenerate ramps,restricted_learned,20260721,-0.07000000000000006,0.34460482001304626,0.2927400288856012,,0.15,0.5,0.35,non-identifiable / abstain,0.0,0.0,True,True,True,False,True,structurally flat profile,0.051864791127445076,0.034999999999999996,False
D1,Restricted learned delay / forced degenerate ramps,restricted_learned,20260721,0.0,0.34560173749923706,0.3,,0.15,0.5,0.35,non-identifiable / abstain,0.0,0.0,True,True,True,False,True,structurally flat profile,0.04560173749923707,0.034999999999999996,False
D1,Restricted learned delay / forced degenerate ramps,restricted_learned,20260721,0.06999999999999995,0.3465729355812073,0.3072599711143988,,0.15,0.5,0.35,non-identifiable / abstain,0.0,0.0,True,True,True,False,True,structurally flat profile,0.03931296446680849,0.034999999999999996,False
D1,Restricted learned delay / forced degenerate ramps,restricted_learned,20260721,0.1399999999999999,0.34751778841018677,0.3144013400366208,,0.15,0.5,0.35,non-identifiable / abstain,0.0,0.0,True,True,True,False,True,structurally flat profile,0.033116448373565976,0.034999999999999996,False
D1,Restricted learned delay / forced degenerate ramps,restricted_learned,20260721,0.20999999999999996,0.348435640335083,0.32131313015705354,,0.15,0.5,0.35,non-identifiable / abstain,0.0,0.0,True,True,True,False,True,structurally flat profile,0.02712251017802947,0.034999999999999996,False
D1,Restricted learned delay / forced degenerate ramps,restricted_learned,20260721,0.2799999999999999,0.3493262529373169,0.3278985972803901,,0.15,0.5,0.35,non-identifiable / abstain,0.0,0.0,True,True,True,False,True,structurally flat profile,0.02142765565692678,0.034999999999999996,False
D1,Restricted learned delay / forced degenerate ramps,restricted_learned,20260721,0.34999999999999987,0.3501892685890198,0.334080026040365,,0.15,0.5,0.35,non-identifiable / abstain,0.0,0.0,True,True,True,False,True,structurally flat profile,0.016109242548654756,0.034999999999999996,False
D1,Restricted learned delay / forced degenerate ramps,restricted_learned,20260721,0.41999999999999993,0.3510245680809021,0.3398013036044313,,0.15,0.5,0.35,non-identifiable / abstain,0.0,0.0,True,True,True,False,True,structurally flat profile,0.011223264476470818,0.034999999999999996,False
D1,Restricted learned delay / forced degenerate ramps,restricted_learned,20260721,0.49,0.3518320322036743,0.3450282740744384,,0.15,0.5,0.35,non-identifiable / abstain,0.0,0.0,True,True,True,False,True,structurally flat profile,0.006803758129235893,0.034999999999999996,False
D1,Restricted learned delay / forced degenerate ramps,restricted_learned,20260721,0.5599999999999998,0.352611780166626,0.3497472196340497,,0.15,0.5,0.35,non-identifiable / abstain,0.0,0.0,True,True,True,False,True,structurally flat profile,0.002864560532576277,0.034999999999999996,False
D1,Restricted learned delay / forced degenerate ramps,restricted_learned,20260721,0.6299999999999999,0.35336390137672424,0.3539620181344406,,0.15,0.5,0.35,non-identifiable / abstain,0.0,0.0,True,True,True,False,True,structurally flat profile,0.0005981167577163715,0.034999999999999996,False
D1,Restricted learned delay / forced degenerate ramps,restricted_learned,20260721,0.7,0.3540886640548706,0.357690580326136,,0.15,0.5,0.35,non-identifiable / abstain,0.0,0.0,True,True,True,False,True,structurally flat profile,0.003601916271265382,0.034999999999999996,False
D1,Restricted learned delay / forced degenerate ramps,restricted_learned,20260722,-0.7,0.4095979332923889,0.242309419673864,,0.15,0.5,0.35,non-identifiable / abstain,0.0,0.0,True,True,True,False,True,structurally flat profile,0.16728851361852493,0.034999999999999996,False
D1,Restricted learned delay / forced degenerate ramps,restricted_learned,20260722,-0.63,0.4100267291069031,0.24603798186555936,,0.15,0.5,0.35,non-identifiable / abstain,0.0,0.0,True,True,True,False,True,structurally flat profile,0.1639887472413437,0.034999999999999996,False
D1,Restricted learned delay / forced degenerate ramps,restricted_learned,20260722,-0.5599999999999999,0.41045472025871277,0.2502527803659503,,0.15,0.5,0.35,non-identifiable / abstain,0.0,0.0,True,True,True,False,True,structurally flat profile,0.1602019398927625,0.034999999999999996,False
D1,Restricted learned delay / forced degenerate ramps,restricted_learned,20260722,-0.49,0.4108814597129822,0.25497172592556155,,0.15,0.5,0.35,non-identifiable / abstain,0.0,0.0,True,True,True,False,True,structurally flat profile,0.15590973378742062,0.034999999999999996,False
D1,Restricted learned delay / forced degenerate ramps,restricted_learned,20260722,-0.42,0.41130661964416504,0.2601986963955687,,0.15,0.5,0.35,non-identifiable / abstain,0.0,0.0,True,True,True,False,True,structurally flat profile,0.15110792324859634,0.034999999999999996,False
D1,Restricted learned delay / forced degenerate ramps,restricted_learned,20260722,-0.35,0.41172975301742554,0.2659199739596349,,0.15,0.5,0.35,non-identifiable / abstain,0.0,0.0,True,True,True,False,True,structurally flat profile,0.14580977905779063,0.034999999999999996,False
D1,Restricted learned delay / forced degenerate ramps,restricted_learned,20260722,-0.28,0.41215047240257263,0.27210140271960986,,0.15,0.5,0.35,non-identifiable / abstain,0.0,0.0,True,True,True,False,True,structurally flat profile,0.14004906968296277,0.034999999999999996,False
D1,Restricted learned delay / forced degenerate ramps,restricted_learned,20260722,-0.21000000000000002,0.41256844997406006,0.27868686984294644,,0.15,0.5,0.35,non-identifiable / abstain,0.0,0.0,True,True,True,False,True,structurally flat profile,0.13388158013111362,0.034999999999999996,False
D1,Restricted learned delay / forced degenerate ramps,restricted_learned,20260722,-0.14,0.41298338770866394,0.2855986599633792,,0.15,0.5,0.35,non-identifiable / abstain,0.0,0.0,True,True,True,False,True,structurally flat profile,0.12738472774528475,0.034999999999999996,False
D1,Restricted learned delay / forced degenerate ramps,restricted_learned,20260722,-0.07000000000000006,0.413394957780838,0.2927400288856012,,0.15,0.5,0.35,non-identifiable / abstain,0.0,0.0,True,True,True,False,True,structurally flat profile,0.12065492889523682,0.034999999999999996,False
D1,Restricted learned delay / forced degenerate ramps,restricted_learned,20260722,0.0,0.413802832365036,0.3,,0.15,0.5,0.35,non-identifiable / abstain,0.0,0.0,True,True,True,False,True,structurally flat profile,0.11380283236503602,0.034999999999999996,False
D1,Restricted learned delay / forced degenerate ramps,restricted_learned,20260722,0.06999999999999995,0.41420674324035645,0.3072599711143988,,0.15,0.5,0.35,non-identifiable / abstain,0.0,0.0,True,True,True,False,True,structurally flat profile,0.10694677212595766,0.034999999999999996,False
D1,Restricted learned delay / forced degenerate ramps,restricted_learned,20260722,0.1399999999999999,0.414606511592865,0.3144013400366208,,0.15,0.5,0.35,non-identifiable / abstain,0.0,0.0,True,True,True,False,True,structurally flat profile,0.1002051715562442,0.034999999999999996,False
D1,Restricted learned delay / forced degenerate ramps,restricted_learned,20260722,0.20999999999999996,0.4150017201900482,0.32131313015705354,,0.15,0.5,0.35,non-identifiable / abstain,0.0,0.0,True,True,True,False,True,structurally flat profile,0.09368859003299468,0.034999999999999996,False
D1,Restricted learned delay / forced degenerate ramps,restricted_learned,20260722,0.2799999999999999,0.4153922200202942,0.3278985972803901,,0.15,0.5,0.35,non-identifiable / abstain,0.0,0.0,True,True,True,False,True,structurally flat profile,0.08749362273990408,0.034999999999999996,False
D1,Restricted learned delay / forced degenerate ramps,restricted_learned,20260722,0.34999999999999987,0.41577765345573425,0.334080026040365,,0.15,0.5,0.35,non-identifiable / abstain,0.0,0.0,True,True,True,False,True,structurally flat profile,0.08169762741536923,0.034999999999999996,False
D1,Restricted learned delay / forced degenerate ramps,restricted_learned,20260722,0.41999999999999993,0.41615787148475647,0.3398013036044313,,0.15,0.5,0.35,non-identifiable / abstain,0.0,0.0,True,True,True,False,True,structurally flat profile,0.07635656788032519,0.034999999999999996,False
D1,Restricted learned delay / forced degenerate ramps,restricted_learned,20260722,0.49,0.4165324866771698,0.3450282740744384,,0.15,0.5,0.35,non-identifiable / abstain,0.0,0.0,True,True,True,False,True,structurally flat profile,0.07150421260273138,0.034999999999999996,False
D1,Restricted learned delay / forced degenerate ramps,restricted_learned,20260722,0.5599999999999998,0.41690129041671753,0.3497472196340497,,0.15,0.5,0.35,non-identifiable / abstain,0.0,0.0,True,True,True,False,True,structurally flat profile,0.06715407078266783,0.034999999999999996,False
D1,Restricted learned delay / forced degenerate ramps,restricted_learned,20260722,0.6299999999999999,0.4172639548778534,0.3539620181344406,,0.15,0.5,0.35,non-identifiable / abstain,0.0,0.0,True,True,True,False,True,structurally flat profile,0.06330193674341278,0.034999999999999996,False
D1,Restricted learned delay / forced degenerate ramps,restricted_learned,20260722,0.7,0.4176202416419983,0.357690580326136,,0.15,0.5,0.35,non-identifiable / abstain,0.0,0.0,True,True,True,False,True,structurally flat profile,0.059929661315862304,0.034999999999999996,False
D1,Restricted learned delay / forced degenerate ramps,restricted_learned,20260723,-0.7,0.4693913161754608,0.242309419673864,,0.15,0.5,0.35,non-identifiable / abstain,0.0,0.0,True,True,True,False,True,structurally flat profile,0.22708189650159682,0.034999999999999996,False
D1,Restricted learned delay / forced degenerate ramps,restricted_learned,20260723,-0.63,0.46969661116600037,0.24603798186555936,,0.15,0.5,0.35,non-identifiable / abstain,0.0,0.0,True,True,True,False,True,structurally flat profile,0.223658629300441,0.034999999999999996,False
D1,Restricted learned delay / forced degenerate ramps,restricted_learned,20260723,-0.5599999999999999,0.47000131011009216,0.2502527803659503,,0.15,0.5,0.35,non-identifiable / abstain,0.0,0.0,True,True,True,False,True,structurally flat profile,0.21974852974414189,0.034999999999999996,False
D1,Restricted learned delay / forced degenerate ramps,restricted_learned,20260723,-0.49,0.47030431032180786,0.25497172592556155,,0.15,0.5,0.35,non-identifiable / abstain,0.0,0.0,True,True,True,False,True,structurally flat profile,0.2153325843962463,0.034999999999999996,False
D1,Restricted learned delay / forced degenerate ramps,restricted_learned,20260723,-0.42,0.4706045091152191,0.2601986963955687,,0.15,0.5,0.35,non-identifiable / abstain,0.0,0.0,True,True,True,False,True,structurally flat profile,0.21040581271965042,0.034999999999999996,False
D1,Restricted learned delay / forced degenerate ramps,restricted_learned,20260723,-0.35,0.4709007740020752,0.2659199739596349,,0.15,0.5,0.35,non-identifiable / abstain,0.0,0.0,True,True,True,False,True,structurally flat profile,0.2049808000424403,0.034999999999999996,False
D1,Restricted learned delay / forced degenerate ramps,restricted_learned,20260723,-0.28,0.4711920917034149,0.27210140271960986,,0.15,0.5,0.35,non-identifiable / abstain,0.0,0.0,True,True,True,False,True,structurally flat profile,0.19909068898380505,0.034999999999999996,False
D1,Restricted learned delay / forced degenerate ramps,restricted_learned,20260723,-0.21000000000000002,0.4714776277542114,0.27868686984294644,,0.15,0.5,0.35,non-identifiable / abstain,0.0,0.0,True,True,True,False,True,structurally flat profile,0.192790757911265,0.034999999999999996,False
D1,Restricted learned delay / forced degenerate ramps,restricted_learned,20260723,-0.14,0.4717564582824707,0.2855986599633792,,0.15,0.5,0.35,non-identifiable / abstain,0.0,0.0,True,True,True,False,True,structurally flat profile,0.18615779831909152,0.034999999999999996,False
D1,Restricted learned delay / forced degenerate ramps,restricted_learned,20260723,-0.07000000000000006,0.47202786803245544,0.2927400288856012,,0.15,0.5,0.35,non-identifiable / abstain,0.0,0.0,True,True,True,False,True,structurally flat profile,0.17928783914685426,0.034999999999999996,False
D1,Restricted learned delay / forced degenerate ramps,restricted_learned,20260723,0.0,0.4722912907600403,0.3,,0.15,0.5,0.35,non-identifiable / abstain,0.0,0.0,True,True,True,False,True,structurally flat profile,0.1722912907600403,0.034999999999999996,False
D1,Restricted learned delay / forced degenerate ramps,restricted_learned,20260723,0.06999999999999995,0.47254619002342224,0.3072599711143988,,0.15,0.5,0.35,non-identifiable / abstain,0.0,0.0,True,True,True,False,True,structurally flat profile,0.16528621890902345,0.034999999999999996,False
D1,Restricted learned delay / forced degenerate ramps,restricted_learned,20260723,0.1399999999999999,0.47279223799705505,0.3144013400366208,,0.15,0.5,0.35,non-identifiable / abstain,0.0,0.0,True,True,True,False,True,structurally flat profile,0.15839089796043426,0.034999999999999996,False
D1,Restricted learned delay / forced degenerate ramps,restricted_learned,20260723,0.20999999999999996,0.47302910685539246,0.32131313015705354,,0.15,0.5,0.35,non-identifiable / abstain,0.0,0.0,True,True,True,False,True,structurally flat profile,0.15171597669833892,0.034999999999999996,False
D1,Restricted learned delay / forced degenerate ramps,restricted_learned,20260723,0.2799999999999999,0.4732566475868225,0.3278985972803901,,0.15,0.5,0.35,non-identifiable / abstain,0.0,0.0,True,True,True,False,True,structurally flat profile,0.1453580503064324,0.034999999999999996,False
D1,Restricted learned delay / forced degenerate ramps,restricted_learned,20260723,0.34999999999999987,0.47347477078437805,0.334080026040365,,0.15,0.5,0.35,non-identifiable / abstain,0.0,0.0,True,True,True,False,True,structurally flat profile,0.13939474474401303,0.034999999999999996,False
D1,Restricted learned delay / forced degenerate ramps,restricted_learned,20260723,0.41999999999999993,0.47368350625038147,0.3398013036044313,,0.15,0.5,0.35,non-identifiable / abstain,0.0,0.0,True,True,True,False,True,structurally flat profile,0.1338822026459502,0.034999999999999996,False
D1,Restricted learned delay / forced degenerate ramps,restricted_learned,20260723,0.49,0.47388291358947754,0.3450282740744384,,0.15,0.5,0.35,non-identifiable / abstain,0.0,0.0,True,True,True,False,True,structurally flat profile,0.12885463951503912,0.034999999999999996,False
D1,Restricted learned delay / forced degenerate ramps,restricted_learned,20260723,0.5599999999999998,0.4740731418132782,0.3497472196340497,,0.15,0.5,0.35,non-identifiable / abstain,0.0,0.0,True,True,True,False,True,structurally flat profile,0.1243259221792285,0.034999999999999996,False
D1,Restricted learned delay / forced degenerate ramps,restricted_learned,20260723,0.6299999999999999,0.4742543697357178,0.3539620181344406,,0.15,0.5,0.35,non-identifiable / abstain,0.0,0.0,True,True,True,False,True,structurally flat profile,0.12029235160127716,0.034999999999999996,False
D1,Restricted learned delay / forced degenerate ramps,restricted_learned,20260723,0.7,0.474426805973053,0.357690580326136,,0.15,0.5,0.35,non-identifiable / abstain,0.0,0.0,True,True,True,False,True,structurally flat profile,0.11673622564691699,0.034999999999999996,False
D2,Restricted fixed wrong delay / forced degenerate ramps,restricted_fixed,20260719,-0.7,0.46000000834465027,0.242309419673864,,0.15,0.5,0.35,non-identifiable / abstain,0.0,0.0,True,True,True,False,True,structurally flat profile,0.21769058867078628,0.034999999999999996,False
D2,Restricted fixed wrong delay / forced degenerate ramps,restricted_fixed,20260719,-0.63,0.46000000834465027,0.24603798186555936,,0.15,0.5,0.35,non-identifiable / abstain,0.0,0.0,True,True,True,False,True,structurally flat profile,0.2139620264790909,0.034999999999999996,False
D2,Restricted fixed wrong delay / forced degenerate ramps,restricted_fixed,20260719,-0.5599999999999999,0.46000000834465027,0.2502527803659503,,0.15,0.5,0.35,non-identifiable / abstain,0.0,0.0,True,True,True,False,True,structurally flat profile,0.2097472279787,0.034999999999999996,False
D2,Restricted fixed wrong delay / forced degenerate ramps,restricted_fixed,20260719,-0.49,0.46000000834465027,0.25497172592556155,,0.15,0.5,0.35,non-identifiable / abstain,0.0,0.0,True,True,True,False,True,structurally flat profile,0.20502828241908871,0.034999999999999996,False
D2,Restricted fixed wrong delay / forced degenerate ramps,restricted_fixed,20260719,-0.42,0.46000000834465027,0.2601986963955687,,0.15,0.5,0.35,non-identifiable / abstain,0.0,0.0,True,True,True,False,True,structurally flat profile,0.19980131194908157,0.034999999999999996,False
D2,Restricted fixed wrong delay / forced degenerate ramps,restricted_fixed,20260719,-0.35,0.46000000834465027,0.2659199739596349,,0.15,0.5,0.35,non-identifiable / abstain,0.0,0.0,True,True,True,False,True,structurally flat profile,0.19408003438501537,0.034999999999999996,False
D2,Restricted fixed wrong delay / forced degenerate ramps,restricted_fixed,20260719,-0.28,0.46000000834465027,0.27210140271960986,,0.15,0.5,0.35,non-identifiable / abstain,0.0,0.0,True,True,True,False,True,structurally flat profile,0.1878986056250404,0.034999999999999996,False
D2,Restricted fixed wrong delay / forced degenerate ramps,restricted_fixed,20260719,-0.21000000000000002,0.46000000834465027,0.27868686984294644,,0.15,0.5,0.35,non-identifiable / abstain,0.0,0.0,True,True,True,False,True,structurally flat profile,0.18131313850170383,0.034999999999999996,False
D2,Restricted fixed wrong delay / forced degenerate ramps,restricted_fixed,20260719,-0.14,0.46000000834465027,0.2855986599633792,,0.15,0.5,0.35,non-identifiable / abstain,0.0,0.0,True,True,True,False,True,structurally flat profile,0.17440134838127108,0.034999999999999996,False
D2,Restricted fixed wrong delay / forced degenerate ramps,restricted_fixed,20260719,-0.07000000000000006,0.46000000834465027,0.2927400288856012,,0.15,0.5,0.35,non-identifiable / abstain,0.0,0.0,True,True,True,False,True,structurally flat profile,0.16725997945904908,0.034999999999999996,False
D2,Restricted fixed wrong delay / forced degenerate ramps,restricted_fixed,20260719,0.0,0.46000000834465027,0.3,,0.15,0.5,0.35,non-identifiable / abstain,0.0,0.0,True,True,True,False,True,structurally flat profile,0.16000000834465028,0.034999999999999996,False
D2,Restricted fixed wrong delay / forced degenerate ramps,restricted_fixed,20260719,0.06999999999999995,0.46000000834465027,0.3072599711143988,,0.15,0.5,0.35,non-identifiable / abstain,0.0,0.0,True,True,True,False,True,structurally flat profile,0.15274003723025148,0.034999999999999996,False
D2,Restricted fixed wrong delay / forced degenerate ramps,restricted_fixed,20260719,0.1399999999999999,0.46000000834465027,0.3144013400366208,,0.15,0.5,0.35,non-identifiable / abstain,0.0,0.0,True,True,True,False,True,structurally flat profile,0.14559866830802948,0.034999999999999996,False
D2,Restricted fixed wrong delay / forced degenerate ramps,restricted_fixed,20260719,0.20999999999999996,0.46000000834465027,0.32131313015705354,,0.15,0.5,0.35,non-identifiable / abstain,0.0,0.0,True,True,True,False,True,structurally flat profile,0.13868687818759673,0.034999999999999996,False
D2,Restricted fixed wrong delay / forced degenerate ramps,restricted_fixed,20260719,0.2799999999999999,0.46000000834465027,0.3278985972803901,,0.15,0.5,0.35,non-identifiable / abstain,0.0,0.0,True,True,True,False,True,structurally flat profile,0.13210141106426015,0.034999999999999996,False
D2,Restricted fixed wrong delay / forced degenerate ramps,restricted_fixed,20260719,0.34999999999999987,0.46000000834465027,0.334080026040365,,0.15,0.5,0.35,non-identifiable / abstain,0.0,0.0,True,True,True,False,True,structurally flat profile,0.12591998230428525,0.034999999999999996,False
D2,Restricted fixed wrong delay / forced degenerate ramps,restricted_fixed,20260719,0.41999999999999993,0.46000000834465027,0.3398013036044313,,0.15,0.5,0.35,non-identifiable / abstain,0.0,0.0,True,True,True,False,True,structurally flat profile,0.12019870474021899,0.034999999999999996,False
D2,Restricted fixed wrong delay / forced degenerate ramps,restricted_fixed,20260719,0.49,0.46000000834465027,0.3450282740744384,,0.15,0.5,0.35,non-identifiable / abstain,0.0,0.0,True,True,True,False,True,structurally flat profile,0.11497173427021184,0.034999999999999996,False
D2,Restricted fixed wrong delay / forced degenerate ramps,restricted_fixed,20260719,0.5599999999999998,0.46000000834465027,0.3497472196340497,,0.15,0.5,0.35,non-identifiable / abstain,0.0,0.0,True,True,True,False,True,structurally flat profile,0.11025278871060057,0.034999999999999996,False
D2,Restricted fixed wrong delay / forced degenerate ramps,restricted_fixed,20260719,0.6299999999999999,0.46000000834465027,0.3539620181344406,,0.15,0.5,0.35,non-identifiable / abstain,0.0,0.0,True,True,True,False,True,structurally flat profile,0.10603799021020965,0.034999999999999996,False
D2,Restricted fixed wrong delay / forced degenerate ramps,restricted_fixed,20260719,0.7,0.46000000834465027,0.357690580326136,,0.15,0.5,0.35,non-identifiable / abstain,0.0,0.0,True,True,True,False,True,structurally flat profile,0.10230942801851428,0.034999999999999996,False
