state,true_delay,estimated_delay,interval_lower,interval_upper,interval_width,bootstrap_sd,eta_95,profile_minimum,profile_range,empirical_set_lower,empirical_set_upper,empirical_set_diameter,empirical_set_components,true_in_interval,true_in_empirical_set,verdict,verdict_reason,geometry_accepted,n_resamples,noise_std
-0.7,0.242309419673864,,0.15,0.5,0.35,,0.0,0.0,0.0,0.15,0.5,0.35,1,True,True,non-identifiable / abstain,structurally flat profile,False,120,0.0005
-0.63,0.24603798186555936,,0.15,0.5,0.35,,0.0,0.0,0.0,0.15,0.5,0.35,1,True,True,non-identifiable / abstain,structurally flat profile,False,120,0.0005
-0.5599999999999999,0.2502527803659503,,0.15,0.5,0.35,,0.0,0.0,0.0,0.15,0.5,0.35,1,True,True,non-identifiable / abstain,structurally flat profile,False,120,0.0005
-0.49,0.25497172592556155,,0.15,0.5,0.35,,0.0,0.0,0.0,0.15,0.5,0.35,1,True,True,non-identifiable / abstain,structurally flat profile,False,120,0.0005
-0.42,0.2601986963955687,,0.15,0.5,0.35,,0.0,0.0,0.0,0.15,0.5,0.35,1,True,True,non-identifiable / abstain,structurally flat profile,False,120,0.0005
-0.35,0.2659199739596349,,0.15,0.5,0.35,,0.0,0.0,0.0,0.15,0.5,0.35,1,True,True,non-identifiable / abstain,structurally flat profile,False,120,0.0005
-0.28,0.27210140271960986,,0.15,0.5,0.35,,0.0,0.0,0.0,0.15,0.5,0.35,1,True,True,non-identifiable / abstain,structurally flat profile,False,120,0.0005
-0.21000000000000002,0.27868686984294644,,0.15,0.5,0.35,,0.0,0.0,0.0,0.15,0.5,0.35,1,True,True,non-identifiable / abstain,structurally flat profile,False,120,0.0005
-0.14,0.2855986599633792,,0.15,0.5,0.35,,0.0,0.0,0.0,0.15,0.5,0.35,1,True,True,non-identifiable / abstain,structurally flat profile,False,120,0.0005
-0.07000000000000006,0.2927400288856012,,0.15,0.5,0.35,,0.0,0.0,0.0,0.15,0.5,0.35,1,True,True,non-identifiable / abstain,structurally flat profile,False,120,0.0005
0.0,0.3,,0.15,0.5,0.35,,0.0,0.0,0.0,0.15,0.5,0.35,1,True,True,non-identifiable / abstain,structurally flat profile,False,120,0.0005
0.06999999999999995,0.3072599711143988,,0.15,0.5,0.35,,0.0,0.0,0.0,0.15,0.5,0.35,1,True,True,non-identifiable / abstain,structurally flat profile,False,120,0.0005
0.1399999999999999,0.3144013400366208,,0.15,0.5,0.35,,0.0,0.0,0.0,0.15,0.5,0.35,1,True,True,non-identifiable / abstain,structurally flat profile,False,120,0.0005
0.20999999999999996,0.32131313015705354,,0.15,0.5,0.35,,0.0,0.0,0.0,0.15,0.5,0.35,1,True,True,non-identifiable / abstain,structurally flat profile,False,120,0.0005
0.2799999999999999,0.3278985972803901,,0.15,0.5,0.35,,0.0,0.0,0.0,0.15,0.5,0.35,1,True,True,non-identifiable / abstain,structurally flat profile,False,120,0.0005
0.34999999999999987,0.334080026040365,,0.15,0.5,0.35,,0.0,0.0,0.0,0.15,0.5,0.35,1,True,True,non-identifiable / abstain,structurally flat profile,False,120,0.0005
0.41999999999999993,0.3398013036044313,,0.15,0.5,0.35,,0.0,0.0,0.0,0.15,0.5,0.35,1,True,True,non-identifiable / abstain,structurally flat profile,False,120,0.0005
0.49,0.3450282740744384,,0.15,0.5,0.35,,0.0,0.0,0.0,0.15,0.5,0.35,1,True,True,non-identifiable / abstain,structurally flat profile,False,120,0.0005
0.5599999999999998,0.3497472196340497,,0.15,0.5,0.35,,0.0,0.0,0.0,0.15,0.5,0.35,1,True,True,non-identifiable / abstain,structurally flat profile,False,120,0.0005
0.6299999999999999,0.3539620181344406,,0.15,0.5,0.35,,0.0,0.0,0.0,0.15,0.5,0.35,1,True,True,non-identifiable / abstain,structurally flat profile,False,120,0.0005
0.7,0.357690580326136,,0.15,0.5,0.35,,0.0,0.0,0.0,0.15,0.5,0.35,1,True,True,non-identifiable / abstain,structurally flat profile,False,120,0.0005
