config_id,label,model_class,use_profile_initialization,use_anchor_loss,learned_delay,fixed_delay,seed,run_index,tau_initialization,noise_std,data_seed,parameter_count,anchor_mae,final_weighted_fit,clean_train_mse,clean_test_mse,noisy_test_mse,delay_rmse,delay_nrmse,delay_mae,delay_max_abs_error,delay_mean,delay_min,delay_max
P0,Oracle restricted,oracle_restricted,False,False,False,,20260719,0,,0.0005,20260801,1470,0.018464268654993315,8.11466234154068e-05,6.571581457532656e-05,9.069849239729207e-05,8.971292081499874e-05,1.4685543637179902e-08,4.1958696106228296e-08,1.2424916249126698e-08,3.0130979822295956e-08,0.30000001192092896,0.23992854356765747,0.36007148027420044
P0,Oracle restricted,oracle_restricted,False,False,False,,20260720,1,,0.0005,20260801,1470,0.018464268654993315,6.458505140471971e-06,5.444351059908628e-06,1.6631971937237402e-05,1.6381593438637208e-05,1.4685543637179902e-08,4.1958696106228296e-08,1.2424916249126698e-08,3.0130979822295956e-08,0.30000001192092896,0.23992854356765747,0.36007148027420044
P0,Oracle restricted,oracle_restricted,False,False,False,,20260721,2,,0.0005,20260801,1470,0.018464268654993315,4.4526459532789886e-05,3.5858509444636e-05,5.524677085078697e-05,5.450967678304629e-05,1.4685543637179902e-08,4.1958696106228296e-08,1.2424916249126698e-08,3.0130979822295956e-08,0.30000001192092896,0.23992854356765747,0.36007148027420044
P0,Oracle restricted,oracle_restricted,False,False,False,,20260722,3,,0.0005,20260801,1470,0.018464268654993315,1.8940581867354922e-05,1.4907669356227898e-05,2.6893601788555475e-05,2.641590609428728e-05,1.4685543637179902e-08,4.1958696106228296e-08,1.2424916249126698e-08,3.0130979822295956e-08,0.30000001192092896,0.23992854356765747,0.36007148027420044
P0,Oracle restricted,oracle_restricted,False,False,False,,20260723,4,,0.0005,20260801,1470,0.018464268654993315,9.605563536752015e-05,7.886724970600296e-05,0.000106730362552963,0.00010567880743263414,1.4685543637179902e-08,4.1958696106228296e-08,1.2424916249126698e-08,3.0130979822295956e-08,0.30000001192092896,0.23992854356765747,0.36007148027420044
P1,Full identifiability-aware,restricted_learned,True,True,True,,20260719,0,,0.0005,20260801,1951,0.018464268654993315,0.00010647617455106229,8.794583376671914e-05,0.00011881215812542614,0.00011768185155862823,0.017543817760505558,0.050125193601444455,0.014551295168445983,0.029607932329195397,0.3126533031463623,0.2212090939283371,0.36273857951164246
P1,Full identifiability-aware,restricted_learned,True,True,True,,20260720,1,,0.0005,20260801,1951,0.018464268654993315,2.0807145119761117e-05,1.82055578154228e-05,3.085384769161929e-05,3.0466385680878947e-05,0.011126792277448677,0.03179083507842479,0.008821151499993725,0.01929677162709026,0.30700236558914185,0.22192129492759705,0.3634399473667145
P1,Full identifiability-aware,restricted_learned,True,True,True,,20260721,2,,0.0005,20260801,1951,0.018464268654993315,6.97121286066249e-05,5.7452362323122614e-05,8.62396204813129e-05,8.529055066363159e-05,0.015834082252535523,0.045240235007244355,0.014417906032349024,0.025338200363604513,0.3124625086784363,0.21945735812187195,0.3653545081615448
P1,Full identifiability-aware,restricted_learned,True,True,True,,20260722,3,,0.0005,20260801,1951,0.018464268654993315,4.64529512100853e-05,3.8535394202323076e-05,5.1022310249974624e-05,5.0342148940411416e-05,0.015927693155771836,0.04550769473077668,0.013087136777555448,0.026758718609228238,0.3115623891353607,0.22394824028015137,0.3608957827091217
P1,Full identifiability-aware,restricted_learned,True,True,True,,20260723,4,,0.0005,20260801,1951,0.018464268654993315,0.00011035995703423396,9.141638263710503e-05,0.00013513756587660126,0.0001339630309062344,0.016253376487278006,0.04643821853508002,0.013648230877805175,0.027516788583419605,0.31084802746772766,0.21458005905151367,0.36591580510139465
P2,Profile initialization only,restricted_learned,True,False,True,,20260719,0,,0.0005,20260801,1951,0.018464268654993315,0.00012014024832751602,9.954876567531853e-05,0.00013760503977354232,0.00013639656273824066,0.033349530406476896,0.095284372589934,0.030820202234372585,0.048710806633653625,0.3308202028274536,0.2484634518623352,0.3728806972503662
P2,Profile initialization only,restricted_learned,True,False,True,,20260720,1,,0.0005,20260801,1951,0.018464268654993315,2.808499993989244e-05,2.3277921913595995e-05,3.708928194549315e-05,3.6634455849261504e-05,0.018644046343478722,0.053268703838510637,0.01763595861582022,0.027053530279367854,0.3176359534263611,0.24545365571975708,0.3762638568878174
P2,Profile initialization only,restricted_learned,True,False,True,,20260721,2,,0.0005,20260801,1951,0.018464268654993315,9.179981134366244e-05,7.601069158433833e-05,0.00011078314549433476,0.00010968033103704212,0.03801662911646619,0.10861894033276054,0.03720247551279876,0.04446902636000344,0.3372024595737457,0.24718357622623444,0.389605849981308
P2,Profile initialization only,restricted_learned,True,False,True,,20260722,3,,0.0005,20260801,1951,0.018464268654993315,7.602818368468434e-05,6.36522988219212e-05,8.722543267175664e-05,8.633643183173538e-05,0.05077434885965213,0.14506956817043468,0.049373254165127514,0.06531794216051634,0.3493732511997223,0.2736949324607849,0.39024680852890015
P2,Profile initialization only,restricted_learned,True,False,True,,20260723,4,,0.0005,20260801,1951,0.018464268654993315,0.00010876017768168822,8.969952254449271e-05,0.0001323620859654937,0.0001311932094297148,0.011954963518794959,0.03415703862512846,0.009169306902961258,0.028812104166370894,0.30471059679985046,0.21111643314361572,0.36109840869903564
P3,Anchor loss only,restricted_learned,False,True,True,,20260719,0,,0.0005,20260801,1951,0.018464268654993315,9.541285544401035e-05,7.829925370644209e-05,0.0001076721462099781,0.00010655954605021791,0.015664278764680174,0.044755082184800496,0.013677337827385894,0.024689812382756804,0.3118468225002289,0.2261640727519989,0.3623460531234741
P3,Anchor loss only,restricted_learned,False,True,True,,20260720,1,,0.0005,20260801,1951,0.018464268654993315,1.3315390788193326e-05,1.162503715430828e-05,2.4312370479703848e-05,2.397862401367196e-05,0.008509043736932717,0.024311553534093477,0.007699612765793928,0.01292406511946842,0.305901437997818,0.22873467206954956,0.3635658323764801
P3,Anchor loss only,restricted_learned,False,True,True,,20260721,2,,0.0005,20260801,1951,0.018464268654993315,5.54458711121697e-05,4.5001655942714714e-05,6.789233662888646e-05,6.704603773311315e-05,0.011704346727422514,0.03344099064977861,0.010819311864945365,0.016001645320321778,0.30982524156570435,0.2322254776954651,0.37041980028152466
P3,Anchor loss only,restricted_learned,False,True,True,,20260722,3,,0.0005,20260801,1951,0.018464268654993315,2.9629960408783518e-05,2.429679228700838e-05,3.825124104182338e-05,3.766850809373563e-05,0.013126858172442761,0.03750530906412218,0.011321223981551786,0.02067266299008652,0.31019896268844604,0.2303999960422516,0.3608095049858093
P3,Anchor loss only,restricted_learned,False,True,True,,20260723,4,,0.0005,20260801,1951,0.018464268654993315,9.470820077694952e-05,7.75829183860267e-05,0.00011024928937363185,0.00010911114193792962,0.013573797634356208,0.03878227895530346,0.012451017303335444,0.019644515238395666,0.31011271476745605,0.22728586196899414,0.36839479207992554
P4,Restricted rollout-only,restricted_learned,False,False,True,,20260719,0,,0.0005,20260801,1951,0.018464268654993315,0.00011300237383693457,9.308424015835261e-05,0.00012558154232819956,0.00012437639447188055,0.030409354658791906,0.08688387045369117,0.029537297807522688,0.0391492321866837,0.3295373022556305,0.2554997205734253,0.3783949613571167
P4,Restricted rollout-only,restricted_learned,False,False,True,,20260720,1,,0.0005,20260801,1951,0.018464268654993315,1.623422940610908e-05,1.3242494857415778e-05,2.4878800572319925e-05,2.451284973697288e-05,0.014420033802192245,0.041200096577692136,0.014348802415292669,0.01601216810384043,0.3143487870693207,0.2497694343328476,0.3758215308189392
P4,Restricted rollout-only,restricted_learned,False,False,True,,20260721,2,,0.0005,20260801,1951,0.018464268654993315,8.631845412310213e-05,7.12451843542942e-05,9.737032186298814e-05,9.632512532343926e-05,0.03599482562870726,0.1028423589391636,0.035125887127064964,0.042398589676234666,0.3351258933544159,0.25595346093177795,0.39744412899017334
P4,Restricted rollout-only,restricted_learned,False,False,True,,20260722,3,,0.0005,20260801,1951,0.018464268654993315,6.62205129629001e-05,5.506878381356823e-05,7.40853555356229e-05,7.324687074111153e-05,0.04602275676098117,0.1314935907456605,0.04560071295173609,0.052800722020292346,0.3456007242202759,0.28205716609954834,0.3922644257545471
P4,Restricted rollout-only,restricted_learned,False,False,True,,20260723,4,,0.0005,20260801,1951,0.018464268654993315,9.326005238108337e-05,7.597785646924105e-05,0.00010570572845625858,0.00010458093517176738,0.010995086117026725,0.031414531762933504,0.009933157217627707,0.015127818327993814,0.30715325474739075,0.23067747056484222,0.37258297204971313
P5,Unrestricted jointly learned delay,unrestricted_learned,False,False,True,,20260719,0,0.18,0.0005,20260801,6638,0.018464268654993315,3.4156306355725974e-05,1.487297521485281e-05,1.8949680130421733e-05,1.8994617457744427e-05,0.06578794599437311,0.1879655599839232,0.0656004010000039,0.07129182182328109,0.23439960181713104,0.18400093913078308,0.29555544257164
P5,Unrestricted jointly learned delay,unrestricted_learned,False,False,True,,20260720,1,0.25,0.0005,20260801,6638,0.018464268654993315,5.941420113231288e-06,8.416126510701436e-06,1.2663863119359248e-05,1.264121155575716e-05,0.034348571292810486,0.09813877512231568,0.034049626399035464,0.03990242405677519,0.26595038175582886,0.21440298855304718,0.3327416777610779
P5,Unrestricted jointly learned delay,unrestricted_learned,False,False,True,,20260721,2,0.325,0.0005,20260801,6638,0.018464268654993315,3.814528554357821e-06,3.5690683630126415e-06,7.828565144062282e-06,7.823637902751956e-06,0.01426866168547562,0.04076760481564463,0.013080723651250101,0.020379370748179887,0.29490384459495544,0.2603079080581665,0.3468971252441406
P5,Unrestricted jointly learned delay,unrestricted_learned,False,False,True,,20260722,3,0.4,0.0005,20260801,6638,0.018464268654993315,3.864095560857095e-06,3.928998907494669e-06,6.740502475245385e-06,6.82877860751862e-06,0.011849607766447431,0.03385602218984981,0.009201776907485677,0.024718331993443088,0.30897852778434753,0.26164349913597107,0.3847897946834564
P5,Unrestricted jointly learned delay,unrestricted_learned,False,False,True,,20260723,4,0.47,0.0005,20260801,6638,0.018464268654993315,8.38824507809477e-06,8.764173267669592e-06,1.0587933926819252e-05,1.0710486256783608e-05,0.031938280273280224,0.09125222935222922,0.030501963398349832,0.056784856022221164,0.3305019438266754,0.27814561128616333,0.4168563187122345
P6,Unrestricted fixed wrong delay,unrestricted_fixed,False,False,False,0.46,20260719,0,,0.0005,20260801,6157,0.018464268654993315,0.00011401288793422282,4.6492217746682144e-05,5.452957252081345e-05,5.433551622132131e-05,0.16456527722168973,0.470186506347685,0.16000000834465028,0.22007147103466365,0.46000000834465027,0.46000000834465027,0.46000000834465027
P6,Unrestricted fixed wrong delay,unrestricted_fixed,False,False,False,0.46,20260720,1,,0.0005,20260801,6157,0.018464268654993315,3.039723560505081e-05,3.416301145253445e-05,3.827663163588036e-05,3.810277953079382e-05,0.16456527722168973,0.470186506347685,0.16000000834465028,0.22007147103466365,0.46000000834465027,0.46000000834465027,0.46000000834465027
P6,Unrestricted fixed wrong delay,unrestricted_fixed,False,False,False,0.46,20260721,2,,0.0005,20260801,6157,0.018464268654993315,4.3846732296515256e-05,4.604981366195883e-05,5.919976054906565e-05,5.8915110377155015e-05,0.16456527722168973,0.470186506347685,0.16000000834465028,0.22007147103466365,0.46000000834465027,0.46000000834465027,0.46000000834465027
