config_id,label,n_runs,n_candidate_states,eligible_candidate_states,ineligible_candidate_states,accepted_candidate_states,abstained_candidate_states,pooled_acceptance_rate,mean_run_acceptance_rate,eligible_acceptance_rate,candidate_interval_inclusion_rate,candidate_empirical_set_inclusion_rate,false_confidence_events,conditional_false_confidence_rate,unconditional_false_confidence_rate,mean_run_false_confidence_rate,mean_absolute_delay_error,mean_accepted_absolute_delay_error
D1,Restricted learned delay / forced degenerate ramps,5,105,105,0,0,105,0.0,0.0,0.0,1.0,1.0,0,0.0,0.0,0.0,0.09656993080087006,
D2,Restricted fixed wrong delay / forced degenerate ramps,1,21,21,0,0,21,0.0,0.0,0.0,1.0,1.0,0,0.0,0.0,0.0,0.16000000834465028,
P0,Oracle restricted,5,105,105,0,85,20,0.8095238095238095,0.8095238095238095,0.8095238095238095,1.0,1.0,0,0.0,0.0,0.0,1.1975576868785592e-08,1.2344008279593432e-08
P1,Full identifiability-aware,5,105,105,0,75,30,0.7142857142857143,0.7142857142857143,0.7142857142857143,0.8571428571428571,1.0,0,0.0,0.0,0.0,0.012943121016965823,0.012765752422385476
P2,Profile initialization only,5,105,105,0,45,60,0.42857142857142855,0.42857142857142855,0.42857142857142855,0.580952380952381,1.0,5,0.1111111111111111,0.047619047619047616,0.047619047619047616,0.029129035186662204,0.01863726877095362
P3,Anchor loss only,5,105,105,0,75,30,0.7142857142857143,0.7142857142857143,0.7142857142857143,0.9047619047619048,1.0,0,0.0,0.0,0.0,0.011266292100779689,0.012447181490632953
P4,Restricted rollout-only,5,105,105,0,47,58,0.44761904761904764,0.44761904761904764,0.44761904761904764,0.6,1.0,7,0.14893617021276595,0.06666666666666667,0.06666666666666667,0.027064101033617862,0.018662972974829082
P5,Unrestricted jointly learned delay,5,105,0,105,0,105,0.0,0.0,,0.638095238095238,1.0,0,0.0,0.0,0.0,0.030375423679557575,
P6,Unrestricted fixed wrong delay,3,63,0,63,0,63,0.0,0.0,,0.0,0.9047619047619048,0,0.0,0.0,0.0,0.16000000834465028,
